{
  "species": "cobblemon:mareep",
  "order": 0,
  "variations": [
    {
      "aspects": [],
      "poser": "cobblemon:mareep",
      "model": "cobblemon:mareep.geo",
      "texture": "cobblemon:textures/pokemon/0179_mareep/mareep.png",
      "layers": [
        {
          "name": "emissive",
          "emissive": true,
          "texture": "cobblemon:textures/pokemon/0179_mareep/mareep_emissive.png"
        }
      ]
    },
    {
      "aspects": ["shiny"],
      "texture": "cobblemon:textures/pokemon/0179_mareep/mareep_shiny.png"
    },
    {
      "aspects": ["color-black"],
      "layers": [
        {
          "name": "color",
          "texture": "cobblemon:textures/pokemon/0179_mareep/mareep_wool_black.png",
          "emissive": false
        },
        {
          "name": "emissive",
          "emissive": true,
          "texture": "cobblemon:textures/pokemon/0179_mareep/mareep_emissive.png"
        }
      ]
    },
    {
      "aspects": ["color-blue"],
      "layers": [
        {
          "name": "color",
          "texture": "cobblemon:textures/pokemon/0179_mareep/mareep_wool_blue.png",
          "emissive": false
        },
        {
          "name": "emissive",
          "emissive": true,
          "texture": "cobblemon:textures/pokemon/0179_mareep/mareep_emissive.png"
        }
      ]
    },
    {
      "aspects": ["color-brown"],
      "layers": [
        {
          "name": "color",
          "texture": "cobblemon:textures/pokemon/0179_mareep/mareep_wool_brown.png",
          "emissive": false
        },
        {
          "name": "emissive",
          "emissive": true,
          "texture": "cobblemon:textures/pokemon/0179_mareep/mareep_emissive.png"
        }
      ]
    },
    {
      "aspects": ["color-cyan"],
      "layers": [
        {
          "name": "color",
          "texture": "cobblemon:textures/pokemon/0179_mareep/mareep_wool_cyan.png",
          "emissive": false
        },
        {
          "name": "emissive",
          "emissive": true,
          "texture": "cobblemon:textures/pokemon/0179_mareep/mareep_emissive.png"
        }
      ]
    },
    {
      "aspects": ["color-gray"],
      "layers": [
        {
          "name": "color",
          "texture": "cobblemon:textures/pokemon/0179_mareep/mareep_wool_gray.png",
          "emissive": false
        },
        {
          "name": "emissive",
          "emissive": true,
          "texture": "cobblemon:textures/pokemon/0179_mareep/mareep_emissive.png"
        }
      ]
    },
    {
      "aspects": ["color-green"],
      "layers": [
        {
          "name": "color",
          "texture": "cobblemon:textures/pokemon/0179_mareep/mareep_wool_green.png",
          "emissive": false
        },
        {
          "name": "emissive",
          "emissive": true,
          "texture": "cobblemon:textures/pokemon/0179_mareep/mareep_emissive.png"
        }
      ]
    },
    {
      "aspects": ["color-light_blue"],
      "layers": [
        {
          "name": "color",
          "texture": "cobblemon:textures/pokemon/0179_mareep/mareep_wool_light_blue.png",
          "emissive": false
        },
        {
          "name": "emissive",
          "emissive": true,
          "texture": "cobblemon:textures/pokemon/0179_mareep/mareep_emissive.png"
        }
      ]
    },
    {
      "aspects": ["color-light_gray"],
      "layers": [
        {
          "name": "color",
          "texture": "cobblemon:textures/pokemon/0179_mareep/mareep_wool_light_gray.png",
          "emissive": false
        },
        {
          "name": "emissive",
          "emissive": true,
          "texture": "cobblemon:textures/pokemon/0179_mareep/mareep_emissive.png"
        }
      ]
    },
    {
      "aspects": ["color-lime"],
      "layers": [
        {
          "name": "color",
          "texture": "cobblemon:textures/pokemon/0179_mareep/mareep_wool_lime.png",
          "emissive": false
        },
        {
          "name": "emissive",
          "emissive": true,
          "texture": "cobblemon:textures/pokemon/0179_mareep/mareep_emissive.png"
        }
      ]
    },
    {
      "aspects": ["color-magenta"],
      "layers": [
        {
          "name": "color",
          "texture": "cobblemon:textures/pokemon/0179_mareep/mareep_wool_magenta.png",
          "emissive": false
        },
        {
          "name": "emissive",
          "emissive": true,
          "texture": "cobblemon:textures/pokemon/0179_mareep/mareep_emissive.png"
        }
      ]
    },
    {
      "aspects": ["color-orange"],
      "layers": [
        {
          "name": "color",
          "texture": "cobblemon:textures/pokemon/0179_mareep/mareep_wool_orange.png",
          "emissive": false
        },
        {
          "name": "emissive",
          "emissive": true,
          "texture": "cobblemon:textures/pokemon/0179_mareep/mareep_emissive.png"
        }
      ]
    },
    {
      "aspects": ["color-pink"],
      "layers": [
        {
          "name": "color",
          "texture": "cobblemon:textures/pokemon/0179_mareep/mareep_wool_pink.png",
          "emissive": false
        },
        {
          "name": "emissive",
          "emissive": true,
          "texture": "cobblemon:textures/pokemon/0179_mareep/mareep_emissive.png"
        }
      ]
    },
    {
      "aspects": ["color-purple"],
      "layers": [
        {
          "name": "color",
          "texture": "cobblemon:textures/pokemon/0179_mareep/mareep_wool_purple.png",
          "emissive": false
        },
        {
          "name": "emissive",
          "emissive": true,
          "texture": "cobblemon:textures/pokemon/0179_mareep/mareep_emissive.png"
        }
      ]
    },
    {
      "aspects": ["color-red"],
      "layers": [
        {
          "name": "color",
          "texture": "cobblemon:textures/pokemon/0179_mareep/mareep_wool_red.png",
          "emissive": false
        },
        {
          "name": "emissive",
          "emissive": true,
          "texture": "cobblemon:textures/pokemon/0179_mareep/mareep_emissive.png"
        }
      ]
    },
    {
      "aspects": ["color-white"],
      "layers": [
        {
          "name": "color",
          "texture": "cobblemon:textures/pokemon/0179_mareep/mareep_wool_white.png",
          "emissive": false
        },
        {
          "name": "emissive",
          "emissive": true,
          "texture": "cobblemon:textures/pokemon/0179_mareep/mareep_emissive.png"
        }
      ]
    },
    {
      "aspects": ["color-yellow"],
      "layers": [
        {
          "name": "color",
          "texture": "cobblemon:textures/pokemon/0179_mareep/mareep_wool_yellow.png",
          "emissive": false
        },
        {
          "name": "emissive",
          "emissive": true,
          "texture": "cobblemon:textures/pokemon/0179_mareep/mareep_emissive.png"
        }
      ]
    }
  ]
}
